-- phpMyAdmin SQL Dump
-- version 3.3.2deb1
-- http://www.phpmyadmin.net
--
-- Servidor: localhost
-- Tempo de Geração: Nov 19, 2010 as 02:16 PM
-- Versão do Servidor: 5.1.41
-- Versão do PHP: 5.3.2-1ubuntu4.5

SET SQL_MODE="NO_AUTO_VALUE_ON_ZERO";


/*!40101 SET @OLD_CHARACTER_SET_CLIENT=@@CHARACTER_SET_CLIENT */;
/*!40101 SET @OLD_CHARACTER_SET_RESULTS=@@CHARACTER_SET_RESULTS */;
/*!40101 SET @OLD_COLLATION_CONNECTION=@@COLLATION_CONNECTION */;
/*!40101 SET NAMES utf8 */;

--
-- Banco de Dados: `20102bd1`
--

-- --------------------------------------------------------

--
-- Estrutura da tabela `Aluno`
--

CREATE TABLE IF NOT EXISTS `Aluno` (
  `PK_Matricula` int(7) unsigned zerofill NOT NULL,
  `FK_CodCurso` int(11) NOT NULL,
  `Nome` varchar(100) NOT NULL,
  `CR` int(3) unsigned NOT NULL,
  PRIMARY KEY (`PK_Matricula`),
  KEY `FK_CodCurso` (`FK_CodCurso`)
) ENGINE=InnoDB DEFAULT CHARSET=latin1;

--
-- Extraindo dados da tabela `Aluno`
--

INSERT INTO `Aluno` (`PK_Matricula`, `FK_CodCurso`, `Nome`, `CR`) VALUES
(0821580, 2, 'VICTOR PAULO TOLINI MALAGA', 100),
(0911409, 3, 'JULIO RIBEIRO DA SILVA', 82),
(0913165, 1, 'WALDECIR VICENTE FARIA', 100);

-- --------------------------------------------------------

--
-- Estrutura stand-in para visualizar `AlunoCreditosCursados`
--
CREATE TABLE IF NOT EXISTS `AlunoCreditosCursados` (
`FK_CodAluno` int(7) unsigned zerofill
,`TotalCreditos` decimal(32,0)
);
-- --------------------------------------------------------

--
-- Estrutura da tabela `Curso`
--

CREATE TABLE IF NOT EXISTS `Curso` (
  `PK_Codigo` int(11) NOT NULL AUTO_INCREMENT,
  `Nome` varchar(50) NOT NULL,
  PRIMARY KEY (`PK_Codigo`)
) ENGINE=InnoDB  DEFAULT CHARSET=latin1 AUTO_INCREMENT=4 ;

--
-- Extraindo dados da tabela `Curso`
--

INSERT INTO `Curso` (`PK_Codigo`, `Nome`) VALUES
(1, 'CIENCIA DA COMPUTACAO'),
(2, 'SISTEMA DE INFORMACAO'),
(3, 'ENGENHARIA DA COMPUTACAO');

-- --------------------------------------------------------

--
-- Estrutura da tabela `CursoDisciplina`
--

CREATE TABLE IF NOT EXISTS `CursoDisciplina` (
  `FK_CodCurso` int(11) NOT NULL,
  `FK_CodDisciplina` varchar(7) NOT NULL,
  `PeriodoCursar` int(2) unsigned NOT NULL,
  UNIQUE KEY `FK_CodCurso_2` (`FK_CodCurso`,`FK_CodDisciplina`),
  KEY `FK_CodCurso` (`FK_CodCurso`),
  KEY `FK_CodDisciplina` (`FK_CodDisciplina`)
) ENGINE=InnoDB DEFAULT CHARSET=latin1;

--
-- Extraindo dados da tabela `CursoDisciplina`
--

INSERT INTO `CursoDisciplina` (`FK_CodCurso`, `FK_CodDisciplina`, `PeriodoCursar`) VALUES
(1, 'ACP0900', 20),
(1, 'CRE1100', 2),
(1, 'CRE1127', 3),
(1, 'CRE1141', 5),
(1, 'CRE1172', 6),
(1, 'ELD0900', 20),
(1, 'ELO0900', 20),
(1, 'ELU0900', 20),
(1, 'ENG1029', 3),
(1, 'ENG1400', 4),
(1, 'FIL0300', 6),
(1, 'FIS1033', 1),
(1, 'FIS1034', 1),
(1, 'INF0310', 7),
(1, 'INF1005', 1),
(1, 'INF1007', 2),
(1, 'INF1008', 2),
(1, 'INF1009', 2),
(1, 'INF1010', 3),
(1, 'INF1011', 5),
(1, 'INF1012', 3),
(1, 'INF1013', 6),
(1, 'INF1014', 7),
(1, 'INF1015', 8),
(1, 'INF1016', 6),
(1, 'INF1018', 3),
(1, 'INF1019', 4),
(1, 'INF1301', 4),
(1, 'INF1377', 5),
(1, 'INF1383', 4),
(1, 'INF1403', 1),
(1, 'INF1413', 7),
(1, 'INF1608', 5),
(1, 'INF1626', 4),
(1, 'INF1631', 4),
(1, 'INF1636', 5),
(1, 'INF1640', 6),
(1, 'INF1715', 5),
(1, 'INF1721', 5),
(1, 'INF1771', 6),
(1, 'INF1920', 8),
(1, 'INF1950', 7),
(1, 'INF1951', 8),
(1, 'LET0310', 8),
(1, 'MAT1154', 3),
(1, 'MAT1161', 1),
(1, 'MAT1162', 2),
(1, 'MAT1200', 1),
(3, 'ACP0900', 20),
(3, 'CRE1100', 2),
(3, 'CRE1127', 3),
(3, 'CRE1141', 5),
(3, 'CRE1171', 6),
(3, 'ELL0900', 20),
(3, 'ELO0900', 20),
(3, 'ENG1000', 1),
(3, 'ENG1003', 2),
(3, 'ENG1007', 4),
(3, 'ENG1011', 3),
(3, 'ENG1015', 3),
(3, 'ENG1021', 7),
(3, 'ENG1023', 8),
(3, 'ENG1025', 6),
(3, 'ENG1029', 7),
(3, 'ENG1132', 8),
(3, 'ENG1133', 9),
(3, 'ENG1153', 9),
(3, 'ENG1400', 4),
(3, 'ENG1403', 5),
(3, 'ENG1404', 5),
(3, 'ENG1413', 6),
(3, 'ENG1414', 6),
(3, 'ENG1448', 7),
(3, 'ENG1450', 8),
(3, 'ENG1451', 7),
(3, 'FIL0300', 6),
(3, 'FIS1033', 1),
(3, 'FIS1034', 1),
(3, 'FIS1041', 2),
(3, 'FIS1042', 2),
(3, 'FIS1051', 3),
(3, 'FIS1052', 3),
(3, 'INF0303', 6),
(3, 'INF1005', 2),
(3, 'INF1007', 3),
(3, 'INF1009', 2),
(3, 'INF1010', 4),
(3, 'INF1012', 3),
(3, 'INF1014', 8),
(3, 'INF1018', 4),
(3, 'INF1019', 5),
(3, 'INF1301', 4),
(3, 'INF1383', 4),
(3, 'INF1608', 5),
(3, 'INF1626', 4),
(3, 'INF1631', 5),
(3, 'INF1636', 5),
(3, 'INF1640', 6),
(3, 'INF1721', 6),
(3, 'JUR1016', 7),
(3, 'MAT1154', 3),
(3, 'MAT1161', 1),
(3, 'MAT1162', 2),
(3, 'MAT1200', 1),
(3, 'QUI1709', 1),
(3, 'QUI1720', 1);

-- --------------------------------------------------------

--
-- Estrutura da tabela `Disciplina`
--

CREATE TABLE IF NOT EXISTS `Disciplina` (
  `PK_Codigo` varchar(7) NOT NULL,
  `Nome` varchar(50) NOT NULL,
  `QtdCreditos` int(2) NOT NULL,
  PRIMARY KEY (`PK_Codigo`)
) ENGINE=InnoDB DEFAULT CHARSET=latin1;

--
-- Extraindo dados da tabela `Disciplina`
--

INSERT INTO `Disciplina` (`PK_Codigo`, `Nome`, `QtdCreditos`) VALUES
('ACP0900', 'ATIVIDADES COMPLEMENTARES', 10),
('CRE1100', 'O HUMANO E O FENOM RELIGIOSO', 4),
('CRE1127', 'O CRISTIANISMO', 4),
('CRE1141', 'ETICA CRISTA', 2),
('CRE1171', 'ETICA PROFISSIONAL - ENG', 2),
('CRE1172', 'ET PROF-CCP,CSI,MAT,QUI E FIS', 2),
('EFI1024', 'PILATES', 2),
('EFI1380', 'EDU FISICA GERAL I (CONVENIO)', 2),
('EFI1381', 'EDU FISICA GERAL II (CONVENIO)', 2),
('EFI1384', 'MUSCULACAO/TREINAMENTO I', 2),
('ELD0900', 'ELETIVAS DO DEPARTAMENTO', 22),
('ELL0900', 'ELET LIVRES-DENTRO/FORA DEPT', 16),
('ELO0900', 'ELETIVAS DE ORIENTACAO', 22),
('ELU0900', 'ELETIVAS-FORA DO DEPARTAMENTO', 4),
('ENG1000', 'INTRODUCAO A ENGENHARIA', 2),
('ENG1003', 'DESENHO TECNICO I', 2),
('ENG1007', 'INTROD A MECANICA DOS SOLIDOS', 2),
('ENG1011', 'FENOMENOS DE TRANSPORTE I', 2),
('ENG1015', 'CIENC/TECNOLOGIA DOS MATERIAIS', 2),
('ENG1021', 'ADMINISTRACAO P/ENGENHEIROS', 2),
('ENG1023', 'INTROD ECONOMIA P/ENGENHEIROS', 4),
('ENG1025', 'INTR A ENG AMBIENTAL', 2),
('ENG1029', 'PROBABILIDADE E ESTATISTICA', 4),
('ENG1132', 'PROJ GRAD EM ENG COMPUTACAO I', 2),
('ENG1133', 'PROJ GRAD EM ENG COMPUTACAO II', 2),
('ENG1153', 'EST SUPERV EM ENG COMPUTACAO', 1),
('ENG1400', 'SINAIS E SISTEMAS', 4),
('ENG1403', 'CIRCUIT ELETRICOS/ELETRONICOS', 6),
('ENG1404', 'LAB CIRC ELETRICOS/ELETRONICOS', 2),
('ENG1413', 'TECNICAS DIGITAIS', 4),
('ENG1414', 'LABORATORIO TECNICAS DIGITAIS', 3),
('ENG1448', 'COMPUTACAO DIGITAL', 5),
('ENG1450', 'MICROCONTR/SISTEMAS EMBARCADOS', 4),
('ENG1451', 'ARQUITETURA DE COMPUTADORES', 4),
('FIL0300', 'OPTATIVAS FILOSOFIA-CB/CTC', 4),
('FIS1033', 'MECANICA NEWTONIANA', 4),
('FIS1034', 'LAB DE MECANICA NEWTONIANA', 2),
('FIS1041', 'FLUIDOS E TERMODINAMICA', 4),
('FIS1042', 'LAB FLUIDOS E TERMODINAMICA', 2),
('FIS1051', 'ELETROMAGNETISMO', 4),
('FIS1052', 'LAB DE ELETROMAGNETISMO', 2),
('INF0303', 'OPT DE INTELIGENCIA ARTIFICIAL', 4),
('INF0310', 'OPT ENGENHARIA DE SOFTWARE', 4),
('INF1005', 'PROGRAMACAO I', 4),
('INF1007', 'PROGRAMACAO II', 4),
('INF1008', 'INTROD ARQ DE COMPUTADORES', 2),
('INF1009', 'LOGICA PARA COMPUTACAO', 4),
('INF1010', 'ESTRUTURAS DE DADOS AVANCADAS', 4),
('INF1011', 'SEMANTICA DE LINGUAGENS', 4),
('INF1012', 'MODELAGEM DE DADOS', 2),
('INF1013', 'MODELAGEM DE SOFTWARE', 4),
('INF1014', 'SEMINARIOS', 1),
('INF1015', 'COMPUTABILIDADE', 4),
('INF1016', 'ESPEC/ANAL FORMAL DE SISTEMAS', 4),
('INF1018', 'SOFTWARE BASICO', 4),
('INF1019', 'SISTEMAS DE COMPUTACAO', 4),
('INF1020', 'PRINC SISTEMAS DE INFORMACAO', 4),
('INF1023', 'GERENCIAMENTO SERVICOS EM TI', 4),
('INF1030', 'CONCEITOS DE INFORMATICA', 3),
('INF1301', 'PROGRAMACAO MODULAR', 4),
('INF1316', 'SISTEMAS OPERACIONAIS', 4),
('INF1317', 'REDES DE COMPUTADORES', 4),
('INF1326', 'INTERNET E ARQUITETURA TCP/IP', 4),
('INF1337', 'LINGUAGEM DE PROGRAMACAO OO', 4),
('INF1339', 'COMPUTACAO GRAF TRIDIMENSIONAL', 4),
('INF1340', 'BANCO DE DADOS II', 4),
('INF1343', 'CONSTRUCAO DE SISTEMAS', 4),
('INF1346', 'PROJ INTER HUMANO-COMPUTADOR', 4),
('INF1355', 'PROBABILIDADE E ESTATISTICA', 5),
('INF1359', 'PROJETO FINAL II', 4),
('INF1374', 'BANCO DE DADOS IV', 4),
('INF1377', 'ENGENHARIA DE REQUISITOS', 4),
('INF1383', 'BANCOS DE DADOS', 4),
('INF1403', 'INTR INT HUMANO-COMPUTADOR', 4),
('INF1404', 'MODELAGEM DE SISTEMAS', 4),
('INF1405', 'CONSTRUCAO DE SISTEMAS', 5),
('INF1406', 'PROGR DISTRIBUIDA CONCORRENTE', 4),
('INF1407', 'PROGRAMACAO PARA A WEB', 4),
('INF1408', 'ANALISE DE PROCESSOS', 4),
('INF1410', 'GERENC PROJ EM INFORMATICA', 4),
('INF1411', 'PROJETO FINAL I', 4),
('INF1412', 'PROJETO FINAL II', 4),
('INF1413', 'TESTE DE SOFTWARE', 4),
('INF1414', 'QUALIDADE DE SOFTWARE', 4),
('INF1416', 'SEGURANCA DA INFORMACAO', 4),
('INF1503', 'PROCES DE DADOS(PARA ECONOMIA)', 4),
('INF1608', 'ANALISE NUMERICA I', 4),
('INF1620', 'ESTRUTURAS DE DADOS', 4),
('INF1624', 'PROJ DE SISTEMAS DE SOFTWARE I', 4),
('INF1626', 'LING FORMAIS E AUTOMATOS', 4),
('INF1629', 'PRINCIPIOS ENG DE SOFTWARE', 4),
('INF1631', 'ESTRUTURAS DISCRETAS', 4),
('INF1636', 'PROGRAMACAO ORIENTADA OBJETOS', 4),
('INF1640', 'REDES DE COMUNICACAO DE DADOS', 4),
('INF1715', 'COMPILADORES', 4),
('INF1721', 'ANALISE DE ALGORITMOS', 4),
('INF1761', 'COMPUTACAO GRAFICA', 4),
('INF1771', 'INTELIGENCIA ARTIFICIAL', 4),
('INF1808', 'TOPICOS EM ENG COMPUTACAO VIII', 4),
('INF1811', 'SEMINARIO I', 1),
('INF1812', 'SEMINARIO II', 2),
('INF1813', 'SEMINARIO III', 3),
('INF1814', 'SEMINARIO IV', 4),
('INF1821', 'PROJETO ORIENTADO I', 1),
('INF1822', 'PROJETO ORIENTADO II', 2),
('INF1823', 'PROJETO ORIENTADO III', 3),
('INF1824', 'PROJETO ORIENTADO IV', 4),
('INF1902', 'PLANEJAM NEGOCIOS P/ EMPREEND', 4),
('INF1903', 'METODOL GESTAO PROJETOS', 4),
('INF1920', 'ESTAGIO SUPERVISIONADO', 1),
('INF1950', 'PROJETO FINAL I', 2),
('INF1951', 'PROJETO FINAL II', 2),
('INF2002', 'TRAB IND EM ENG DE SOFTWARE I', 1),
('INF2003', 'TRAB IND EM ENG DE SOFTWARE II', 2),
('INF2004', 'TRAB IND ENG DE SOFTWARE III', 3),
('INF2007', 'TOP ENGENHARIA DE SOFTWARE III', 3),
('INF2033', 'TOP TEORIA DA COMPUTACAO I', 3),
('INF2036', 'TRAB IND TEO COMPUTACAO I', 1),
('INF2037', 'TRAB IND TEO COMPUTACAO II', 2),
('INF2038', 'TRAB IND TEO COMPUTACAO III', 3),
('INF2061', 'SEMINARIO', 1),
('INF2062', 'TOP DE COMPUTACAO GRAFICA I', 3),
('INF2063', 'TOP DE COMPUTACAO GRAFICA II', 3),
('INF2064', 'TOP DE COMPUTACAO GRAFICA III', 3),
('INF2065', 'TRAB IND COMP GRAFICA I', 1),
('INF2066', 'TRAB IND COMP GRAFICA II', 2),
('INF2067', 'TRAB IND COMP GRAFICA III', 3),
('INF2079', 'PESQ TESE I EM BANCO DE DADOS', 3),
('INF2080', 'PESQ TESE II EM BANCO DE DADOS', 3),
('INF2081', 'PESQ TESE III BANCO DE DADOS', 3),
('INF2082', 'PESQ TESE IV EM BANCO DE DADOS', 3),
('INF2083', 'TRAB INDIV BANCO DE DADOS I', 1),
('INF2084', 'TRAB INDIV BANCO DE DADOS II', 2),
('INF2085', 'TRAB INDIV BANCO DE DADOS III', 3),
('INF2102', 'PROJETO FINAL DE PROGRAMACAO', 1),
('INF2106', 'SIST DE COMPONENTES SOFTWARE', 3),
('INF2107', 'COMPILADORES', 3),
('INF2125', 'PROJETO SISTEMAS DE SOFTWARE', 3),
('INF2130', 'EVOLUCAO DE SOFTWARE', 3),
('INF2131', 'ENGENHARIA DE REQUISITOS', 3),
('INF2134', 'TESTE E MEDICAO DE SOFTWARE', 3),
('INF2182', 'TRAB IND LING PROGRAMACAO IV', 1),
('INF2183', 'TRAB IND LING PROGRAMACAO V', 2),
('INF2184', 'TRAB IND LING PROGRAMACAO VI', 3),
('INF2190', 'TRAB IND ENG DE SOFTWARE IV', 1),
('INF2191', 'TRAB IND ENG DE SOFTWARE V', 2),
('INF2192', 'TRAB IND ENG DE SOFTWARE VI', 3),
('INF2193', 'PESQ TESE I EM ENG DE SOFTWARE', 3),
('INF2194', 'PESQ TESE II EM ENG SOFTWARE', 3),
('INF2195', 'PESQ TESE III EM ENG SOFTWARE', 3),
('INF2196', 'PESQ TESE IV EM ENG SOFTWARE', 3),
('INF2217', 'LOGICA E ESPECIFICACAO', 3),
('INF2218', 'COMPUTABILIDADE', 3),
('INF2292', 'TRAB IND TEO COMPUTACAO IV', 1),
('INF2293', 'TRAB IND TEO COMPUTACAO V', 2),
('INF2294', 'TRAB IND TEO COMPUTACAO VI', 3),
('INF2295', 'PESQ TESE I TEOR DA COMPUTACAO', 3),
('INF2296', 'PES TESE II TEOR DA COMPUTACAO', 3),
('INF2297', 'PESQ TESE III TEOR COMPUTACAO', 3),
('INF2298', 'PES TESE IV TEOR DA COMPUTACAO', 3),
('INF2390', 'TOPICOS DE BANCO DE DADOS IV', 3),
('INF2392', 'TRAB INDIV BANCO DE DADOS IV', 1),
('INF2393', 'TRAB INDIV BANCO DE DADOS V', 2),
('INF2394', 'TRAB INDIV BANCO DE DADOS VI', 3),
('INF2556', 'SEM EM SISTEMAS DISTRIBUIDOS', 3),
('INF2586', 'PESQ TESE I REDES COMPUTADORES', 3),
('INF2587', 'PES TESE II REDES COMPUTADORES', 3),
('INF2588', 'PESQ TESE III RED COMPUTADORES', 3),
('INF2589', 'PES TESE IV REDES COMPUTADORES', 3),
('INF2591', 'TOP RED COMP/SIST DISTRIB II', 3),
('INF2595', 'TRAB IND R COMP/SIST DISTR I', 1),
('INF2596', 'TRAB IND R COMP/SIST DISTR II', 2),
('INF2597', 'TRAB IND R COMP/SIST DISTR III', 3),
('INF2598', 'TRAB IND R COMP/SIST DISTR IV', 1),
('INF2599', 'TRAB IND R COMP/SIST DISTR V', 2),
('INF2607', 'ANIMACAO COMPUTADOR E JOGOS', 3),
('INF2686', 'PESQ TESE I EM COMP GRAFICA', 3),
('INF2687', 'PESQ TESE II EM COMP GRAFICA', 3),
('INF2688', 'PESQ TESE III EM COMP GRAFICA', 3),
('INF2689', 'PESQ TESE IV EM COMP GRAFICA', 3),
('INF2692', 'TRAB IND EM COMP GRAFICA IV', 1),
('INF2693', 'TRAB IND EM COMP GRAFICA V', 2),
('INF2694', 'TRAB IND EM COMP GRAFICA VI', 3),
('INF2705', 'LINGUISTICA COMP INTERATIVA', 3),
('INF2708', 'INTERFACES INTELIGENTES', 3),
('INF2786', 'PESQ TESE I INT HUM-COMPUTADOR', 3),
('INF2787', 'PES TESE II INT HUM-COMPUTADOR', 3),
('INF2788', 'PES TES III INT HUM-COMPUTADOR', 3),
('INF2789', 'PES TESE IV INT HUM-COMPUTADOR', 3),
('INF2795', 'TRAB IND INTER HUM-COMPUT I', 1),
('INF2796', 'TRAB IND INTER HUM-COMPUT II', 2),
('INF2797', 'TRAB IND INTER HUM-COMPUT III', 2),
('INF2798', 'TRAB IND INTER HUM-COMPUT IV', 3),
('INF2799', 'TRAB IND INTER HUM-COMPUT V', 3),
('INF2801', 'FUND SISTEMAS MULTIMIDIA', 3),
('INF2802', 'AUTORIA APLICACOES HIPERMIDIA', 3),
('INF2806', 'PESQ TESE I LING PROGRAMACAO', 3),
('INF2807', 'PESQ TESE II LING PROGRAMACAO', 3),
('INF2808', 'PESQ TESE III LING PROGRAMACAO', 3),
('INF2809', 'PESQ TESE IV LING PROGRAMACAO', 3),
('INF2813', 'TRAB IND LING PROGRAMACAO I', 1),
('INF2814', 'TRAB IND LING PROGRAMACAO II', 2),
('INF2815', 'TRAB IND LING PROGRAMACAO III', 3),
('INF2886', 'PESQ TESE I HIPERT/MULTIMIDIA', 3),
('INF2887', 'PESQ TESE II HIPERT/MULTIMIDIA', 3),
('INF2888', 'PES TESE III HIPERT/MULTIMIDIA', 3),
('INF2889', 'PESQ TESE IV HIPERT/MULTIMIDIA', 3),
('INF2891', 'TOP HIPERTEXTO/MULTIMIDIA II', 3),
('INF2895', 'TR IND HIPERTEXTO/MULTIMID I', 1),
('INF2896', 'TR IND HIPERTEXTO/MULTIMID II', 2),
('INF2897', 'TR IND HIPERTEXTO/MULTIMID III', 2),
('INF2898', 'TR IND HIPERTEXTO/MULTIMID IV', 3),
('INF2899', 'TR IND HIPERTEXTO/MULTIMID V', 3),
('INF2912', 'OTIMIZACAO COMBINATORIA', 3),
('INF2920', 'TOP ENGENHARIA DE SOFTWARE IV', 3),
('INF2921', 'TOP ENGENHARIA DE SOFTWARE V', 3),
('INF2926', 'PROJETO/ANALISE DE ALGORITMOS', 4),
('INF2979', 'TOP OTIM E RAC AUTOMATICO II', 3),
('INF2983', 'TRA IND OTI/RAC AUTOMATICO I', 1),
('INF2984', 'TRA IND OTI/RAC AUTOMATICO II', 2),
('INF2985', 'TRA IND OTI/RAC AUTOMATICO III', 3),
('INF2986', 'PESQ TESE I OTI/RAC AUTOMATICO', 3),
('INF2987', 'PES TESE II OTI/RAC AUTOMATICO', 3),
('INF2988', 'PES TES III OTI/RAC AUTOMATICO', 3),
('INF2989', 'PES TESE IV OTI/RAC AUTOMATICO', 3),
('INF2992', 'TRAB IND ALG PARAL OTIMIZ IV', 3),
('INF2993', 'TRAB IND ALG PARAL OTIMIZ V', 1),
('INF2994', 'TRAB IND ALG PARAL OTIMIZ VI', 2),
('INF3000', 'DISSERTACAO DE MESTRADO', 0),
('INF3001', 'TESE DE DOUTORADO', 0),
('INF3002', 'REQUISITO BASICO DE DOUTORADO', 0),
('INF3004', 'EXAME DE QUALIFICACAO', 0),
('INF3006', 'EXAME PROPOSTA DE DISSERTACAO', 0),
('INF3007', 'EXAME DE PROPOSTA DE TESE', 0),
('INF3200', 'ESTAGIO DOCENCIA GRADUACAO', 0),
('INF3201', 'ESTAGIO DOCENCIA NA GRADUACAO', 1),
('INF3202', 'ESTAGIO DOCENCIA NA GRADUACAO', 2),
('INF3203', 'ESTAGIO DOCENCIA NA GRADUACAO', 3),
('INF3210', 'ESTAGIO DOCENCIA NA GRADUACAO', 0),
('INF3211', 'ESTAGIO DOCENCIA NA GRADUACAO', 1),
('INF3212', 'ESTAGIO DOCENCIA NA GRADUACAO', 2),
('INF3213', 'ESTAGIO DOCENCIA NA GRADUACAO', 3),
('INF3220', 'ESTAGIO DOCENCIA NA GRADUACAO', 0),
('INF3221', 'ESTAGIO DOCENCIA NA GRADUACAO', 1),
('INF3222', 'ESTAGIO DOCENCIA NA GRADUACAO', 2),
('INF3223', 'ESTAGIO DOCENCIA NA GRADUACAO', 3),
('JUR1016', 'LEGISLACAO SOCIAL', 2),
('LET0310', 'OPT DE LETRAS P/ CCP', 4),
('MAT1154', 'EQUACOES DIFER E DE DIFERENCAS', 4),
('MAT1161', 'CALCULO DE UMA VARIAVEL', 6),
('MAT1162', 'CALCULO A VARIAS VARIAVEIS I', 4),
('MAT1200', 'ALGEBRA LINEAR I', 4),
('QUI1709', 'LABORATORIO DE QUIMICA GERAL', 2),
('QUI1720', 'QUIMICA GERAL', 4);

-- --------------------------------------------------------

--
-- Estrutura stand-in para visualizar `DisciplinaAlunoAprovado`
--
CREATE TABLE IF NOT EXISTS `DisciplinaAlunoAprovado` (
`FK_CodAluno` int(11) unsigned
,`FK_CodDisciplina` varchar(7)
);
-- --------------------------------------------------------

--
-- Estrutura stand-in para visualizar `DisciplinaAlunoApto`
--
CREATE TABLE IF NOT EXISTS `DisciplinaAlunoApto` (
`CodAluno` int(7) unsigned zerofill
,`CodDisciplina` varchar(7)
,`PeriodoCursar` int(2) unsigned
);
-- --------------------------------------------------------

--
-- Estrutura da tabela `EquivalenciaDisciplina`
--

CREATE TABLE IF NOT EXISTS `EquivalenciaDisciplina` (
  `FK_CodDisciplina` varchar(7) NOT NULL,
  `FK_EquivaleA` varchar(7) NOT NULL,
  UNIQUE KEY `FK_CodDisciplina_2` (`FK_CodDisciplina`,`FK_EquivaleA`),
  KEY `FK_CodDisciplina` (`FK_CodDisciplina`),
  KEY `FK_EquivaleA` (`FK_EquivaleA`)
) ENGINE=InnoDB DEFAULT CHARSET=latin1;

--
-- Extraindo dados da tabela `EquivalenciaDisciplina`
--


-- --------------------------------------------------------

--
-- Estrutura da tabela `Historico`
--

CREATE TABLE IF NOT EXISTS `Historico` (
  `FK_CodAluno` int(7) unsigned zerofill NOT NULL,
  `FK_CodDisciplina` varchar(7) NOT NULL,
  `SituacaoFinal` varchar(2) NOT NULL,
  `GrauFinal` int(3) unsigned DEFAULT NULL,
  `Periodo` int(5) unsigned zerofill NOT NULL,
  KEY `FK_CodAluno` (`FK_CodAluno`),
  KEY `FK_CodDisciplina` (`FK_CodDisciplina`)
) ENGINE=InnoDB DEFAULT CHARSET=latin1;

--
-- Extraindo dados da tabela `Historico`
--

INSERT INTO `Historico` (`FK_CodAluno`, `FK_CodDisciplina`, `SituacaoFinal`, `GrauFinal`, `Periodo`) VALUES
(0911409, 'FIS1033', 'AP', 67, 20091),
(0911409, 'FIS1034', 'AP', 80, 20091),
(0911409, 'INF1005', 'AP', 98, 20091),
(0911409, 'INF1403', 'AP', 75, 20091),
(0911409, 'MAT1161', 'AP', 78, 20091),
(0911409, 'MAT1200', 'AP', 56, 20091),
(0911409, 'CRE1100', 'AP', 88, 20092),
(0911409, 'EFI1024', 'CP', 0, 20092),
(0911409, 'ENG1000', 'AP', 98, 20092),
(0911409, 'INF1007', 'AP', 97, 20092),
(0911409, 'INF1008', 'AP', 93, 20092),
(0911409, 'INF1009', 'AP', 87, 20092),
(0911409, 'INF1012', 'AP', 62, 20092),
(0911409, 'MAT1162', 'AP', 64, 20092),
(0911409, 'CRE1127', 'AP', 88, 20101),
(0911409, 'ENG1003', 'AP', 93, 20101),
(0911409, 'FIS1041', 'AP', 63, 20101),
(0911409, 'FIS1042', 'AP', 93, 20101),
(0911409, 'INF1010', 'AP', 94, 20101),
(0911409, 'INF1018', 'AP', 96, 20101),
(0913165, 'FIS1033', 'AP', 73, 20091),
(0913165, 'FIS1034', 'AP', 100, 20091),
(0913165, 'INF1005', 'AP', 99, 20091),
(0913165, 'INF1403', 'AP', 80, 20091),
(0913165, 'MAT1161', 'AP', 88, 20091),
(0913165, 'MAT1200', 'AP', 69, 20091),
(0913165, 'CRE1100', 'AP', 99, 20092),
(0913165, 'EFI1384', 'CP', 0, 20092),
(0913165, 'INF1007', 'AP', 100, 20092),
(0913165, 'INF1008', 'AP', 84, 20092),
(0913165, 'INF1009', 'AP', 85, 20092),
(0913165, 'INF1812', 'AP', 100, 20092),
(0913165, 'MAT1162', 'AP', 87, 20092),
(0913165, 'CRE1127', 'AP', 100, 20101),
(0913165, 'EFI1380', 'CP', 0, 20101),
(0913165, 'ENG1029', 'AP', 86, 20101),
(0913165, 'INF1010', 'AP', 100, 20101),
(0913165, 'INF1012', 'AP', 82, 20101),
(0913165, 'INF1018', 'AP', 92, 20101),
(0913165, 'MAT1154', 'AP', 76, 20101),
(0913165, 'ACP0900', 'CP', 0, 20101);

-- --------------------------------------------------------

--
-- Estrutura da tabela `PreRequisito`
--

CREATE TABLE IF NOT EXISTS `PreRequisito` (
  `FK_CodDisciplina` varchar(7) NOT NULL,
  `FK_DependeDe` varchar(7) NOT NULL,
  UNIQUE KEY `FK_CodDisciplina_2` (`FK_CodDisciplina`,`FK_DependeDe`),
  KEY `FK_CodDisciplina` (`FK_CodDisciplina`),
  KEY `FK_DependeDe` (`FK_DependeDe`)
) ENGINE=InnoDB DEFAULT CHARSET=latin1;

--
-- Extraindo dados da tabela `PreRequisito`
--


-- --------------------------------------------------------

--
-- Estrutura da tabela `Professor`
--

CREATE TABLE IF NOT EXISTS `Professor` (
  `PK_Codigo` int(11) NOT NULL AUTO_INCREMENT,
  `Nome` varchar(100) NOT NULL,
  PRIMARY KEY (`PK_Codigo`)
) ENGINE=InnoDB  DEFAULT CHARSET=latin1 AUTO_INCREMENT=64 ;

--
-- Extraindo dados da tabela `Professor`
--

INSERT INTO `Professor` (`PK_Codigo`, `Nome`) VALUES
(1, 'MARCELO FERREIRA MORENO'),
(2, 'CLAUDIA FERLIN'),
(3, 'SERGIO LIFSCHITZ'),
(4, 'JOSE CARLOS RAMALHO MOREIRA'),
(5, 'RUBENS NASCIMENTO MELO'),
(6, 'ROBERTO IERUSALIMSCHY'),
(7, 'HUGO FUKS'),
(8, 'IVAN MATHIAS FILHO'),
(9, 'LUCAS EUZEBIO MACHADO'),
(10, 'CAROLINA DE LIMA AGUILAR'),
(11, 'ROGERIO FERREIRA RODRIGUES'),
(12, 'JOISA DE SOUZA OLIVEIRA'),
(13, 'ELVIRA MARIA ANTUNES UCHOA'),
(14, 'PAULA YPIRANGA DOS GUARANYS'),
(15, 'BRUNO FEIJO'),
(16, 'LUIZ FERNANDO BESSA SEIBEL'),
(17, 'ALEXANDRE RADEMAKER'),
(18, 'EDWARD HERMANN HAEUSLER'),
(19, 'KARIN KOOGAN BREITMAN'),
(20, 'ANA LUCIA DE MOURA'),
(21, 'RENATO FONTOURA DE GUSMAO CERQUEIRA'),
(22, 'FRANCIS BERENGER MACHADO'),
(23, 'ALEXANDRE MALHEIROS MESLIN'),
(24, 'ALESSANDRO FABRICIO GARCIA'),
(25, 'FLAVIO HELENO BEVILACQUA E SILVA'),
(26, 'SERGIO COLCHER'),
(27, 'WALDEMAR CELES FILHO'),
(28, 'MARCOS VIANNA VILLAS'),
(29, 'EDMUNDO BASTOS TORREAO'),
(30, 'SIMONE DINIZ JUNQUEIRA BARBOSA'),
(31, 'ANA CAROLINA LETICHEVSKY'),
(32, 'ARNDT VON STAA'),
(33, 'MARCANTONIO GIUSEPPE MARIA C FABRA'),
(34, 'SERGIO DA COSTA CORTES'),
(35, 'EDUARDO SANY LABER'),
(36, 'MARIA TERESA MARQUES LEITE BALDAS'),
(37, 'CLARISSE SIECKENIUS DE SOUZA'),
(38, 'RAUL PIERRE RENTERIA'),
(39, 'JOSE CARLOS MILLAN'),
(40, 'JULIO CESAR SAMPAIO P LEITE'),
(41, 'ALBERTO BARBOSA RAPOSO'),
(42, 'RICARDO NOLLA RUIZ'),
(43, 'VALERIA MENEZES BASTOS'),
(44, 'GUSTAVO ROBICHEZ DE CARVALHO'),
(45, 'CARLOS JOSE PEREIRA DE LUCENA'),
(46, 'ANDERSON OLIVEIRA DA SILVA'),
(47, 'TEMPO CONTINUO A DEFINIR'),
(48, 'RUY LUIZ MILIDIU'),
(49, 'LUIZ FERNANDO GOMES SOARES'),
(50, 'DAVID SOTELO PINHEIRO DA SILVA'),
(51, 'MARCELO GATTASS'),
(52, 'MARCUS VINICIUS S POGGI ARAGAO'),
(53, 'MYRIAM SERTA COSTA'),
(54, 'SERGIO RICARDO YATES DOS SANTOS'),
(55, 'CLAUDIO VICTOR NASAJON SASSON'),
(56, 'HELENE KLEINBERGER SALIM'),
(57, 'COORDENADOR DE CURSO'),
(58, 'ANTONIO LUZ FURTADO'),
(59, 'MARCO ANTONIO CASANOVA'),
(60, 'NOEMI DE LA ROCQUE RODRIGUEZ'),
(61, 'MARKUS ENDLER'),
(62, 'DANIEL SCHWABE'),
(63, 'PROFESSOR DO CCE');

-- --------------------------------------------------------

--
-- Estrutura da tabela `Turma`
--

CREATE TABLE IF NOT EXISTS `Turma` (
  `PK_Codigo` int(11) NOT NULL AUTO_INCREMENT,
  `FK_CodDisciplina` varchar(7) NOT NULL,
  `FK_CodProfessor` int(11) NOT NULL,
  `Nome` varchar(3) NOT NULL,
  `Periodo` int(5) unsigned zerofill NOT NULL,
  PRIMARY KEY (`PK_Codigo`),
  KEY `FK_CodDisciplina` (`FK_CodDisciplina`),
  KEY `FK_CodProfessor` (`FK_CodProfessor`)
) ENGINE=InnoDB  DEFAULT CHARSET=latin1 AUTO_INCREMENT=531 ;

--
-- Extraindo dados da tabela `Turma`
--

INSERT INTO `Turma` (`PK_Codigo`, `FK_CodDisciplina`, `FK_CodProfessor`, `Nome`, `Periodo`) VALUES
(1, 'INF1005', 1, '33A', 20102),
(2, 'INF1005', 2, '33B', 20102),
(3, 'INF1005', 2, '33C', 20102),
(4, 'INF1005', 3, '33D', 20102),
(5, 'INF1005', 1, '33E', 20102),
(6, 'INF1005', 4, '33F', 20102),
(7, 'INF1005', 5, '33G', 20102),
(8, 'INF1005', 6, '33H', 20102),
(9, 'INF1005', 7, '33I', 20102),
(10, 'INF1005', 8, '33J', 20102),
(11, 'INF1005', 9, '33K', 20102),
(12, 'INF1005', 10, '33L', 20102),
(13, 'INF1007', 11, '33A', 20102),
(14, 'INF1007', 8, '33C', 20102),
(15, 'INF1007', 9, '33D', 20102),
(16, 'INF1007', 12, '33E', 20102),
(17, 'INF1007', 13, '33F', 20102),
(18, 'INF1007', 12, '33G', 20102),
(19, 'INF1007', 14, '33H', 20102),
(20, 'INF1007', 15, '33I', 20102),
(21, 'INF1007', 9, '33J', 20102),
(22, 'INF1008', 16, '3WA', 20102),
(23, 'INF1009', 17, '3WA', 20102),
(24, 'INF1009', 18, '3WB', 20102),
(25, 'INF1010', 19, '3WA', 20102),
(26, 'INF1010', 16, '3WB', 20102),
(27, 'INF1012', 8, '3WA', 20102),
(28, 'INF1012', 8, '3WB', 20102),
(29, 'INF1014', 16, '3WA', 20102),
(30, 'INF1018', 16, '3WA', 20102),
(31, 'INF1018', 20, '3WB', 20102),
(32, 'INF1019', 21, '3WA', 20102),
(33, 'INF1020', 16, '3WA', 20102),
(34, 'INF1023', 22, '3WA', 20102),
(35, 'INF1030', 23, '3AA', 20102),
(36, 'INF1030', 10, '3AB', 20102),
(37, 'INF1301', 24, '3WA', 20102),
(38, 'INF1301', 25, '3WB', 20102),
(39, 'INF1316', 22, '3WA', 20102),
(40, 'INF1317', 26, '3WA', 20102),
(41, 'INF1326', 26, '3WA', 20102),
(42, 'INF1337', 8, '3WA', 20102),
(43, 'INF1339', 27, '3WA', 20102),
(44, 'INF1340', 28, '3WA', 20102),
(45, 'INF1343', 29, '3WA', 20102),
(46, 'INF1346', 30, '3WA', 20102),
(47, 'INF1355', 31, '3WA', 20102),
(48, 'INF1359', 16, '3WA', 20102),
(49, 'INF1359', 32, '3WB', 20102),
(50, 'INF1359', 33, '3WC', 20102),
(51, 'INF1359', 28, '3WD', 20102),
(52, 'INF1359', 34, '3WE', 20102),
(53, 'INF1359', 16, '3WF', 20102),
(54, 'INF1359', 35, '3WG', 20102),
(55, 'INF1359', 36, '3WH', 20102),
(56, 'INF1359', 37, '3WI', 20102),
(57, 'INF1359', 38, '3WJ', 20102),
(58, 'INF1359', 39, '3WK', 20102),
(59, 'INF1374', 34, '3WA', 20102),
(60, 'INF1377', 40, '3WA', 20102),
(61, 'INF1383', 3, '3WA', 20102),
(62, 'INF1383', 5, '3WB', 20102),
(63, 'INF1403', 41, '3WA', 20102),
(64, 'INF1403', 30, '3WB', 20102),
(65, 'INF1404', 8, '3WA', 20102),
(66, 'INF1405', 29, '3WA', 20102),
(67, 'INF1406', 34, '3WA', 20102),
(68, 'INF1407', 23, '3WA', 20102),
(69, 'INF1408', 29, '3WA', 20102),
(70, 'INF1410', 33, '3WA', 20102),
(71, 'INF1411', 42, '3WA', 20102),
(72, 'INF1411', 34, '3WB', 20102),
(73, 'INF1411', 34, '3WC', 20102),
(74, 'INF1411', 29, '3WD', 20102),
(75, 'INF1411', 30, '3WE', 20102),
(76, 'INF1411', 28, '3WF', 20102),
(77, 'INF1411', 28, '3WG', 20102),
(78, 'INF1411', 43, '3WH', 20102),
(79, 'INF1411', 38, '3WI', 20102),
(80, 'INF1411', 37, '3WJ', 20102),
(81, 'INF1411', 16, '3WK', 20102),
(82, 'INF1411', 39, '3WL', 20102),
(83, 'INF1411', 44, '3WM', 20102),
(84, 'INF1411', 39, '3WN', 20102),
(85, 'INF1412', 39, '3WA', 20102),
(86, 'INF1412', 45, '3WB', 20102),
(87, 'INF1412', 29, '3WC', 20102),
(88, 'INF1412', 29, '3WD', 20102),
(89, 'INF1412', 39, '3WE', 20102),
(90, 'INF1412', 37, '3WF', 20102),
(91, 'INF1412', 43, '3WG', 20102),
(92, 'INF1412', 43, '3WH', 20102),
(93, 'INF1412', 27, '3WI', 20102),
(94, 'INF1412', 27, '3WJ', 20102),
(95, 'INF1412', 30, '3WK', 20102),
(96, 'INF1412', 32, '3WL', 20102),
(97, 'INF1412', 16, '3WM', 20102),
(98, 'INF1412', 34, '3WN', 20102),
(99, 'INF1412', 38, '3WO', 20102),
(100, 'INF1412', 44, '3WP', 20102),
(101, 'INF1412', 28, '3WQ', 20102),
(102, 'INF1413', 32, '3WA', 20102),
(103, 'INF1414', 44, '3WA', 20102),
(104, 'INF1416', 46, '3WA', 20102),
(105, 'INF1416', 46, '3WB', 20102),
(106, 'INF1503', 31, '3JA', 20102),
(107, 'INF1503', 10, '3JB', 20102),
(108, 'INF1608', 47, '3WA', 20102),
(109, 'INF1620', 8, '3WA', 20102),
(110, 'INF1624', 45, '3WA', 20102),
(111, 'INF1626', 37, '3WA', 20102),
(112, 'INF1629', 40, '3WA', 20102),
(113, 'INF1631', 48, '3WA', 20102),
(114, 'INF1631', 38, '3WB', 20102),
(115, 'INF1640', 49, '3WA', 20102),
(116, 'INF1721', 35, '3WA', 20102),
(117, 'INF1721', 50, '3WB', 20102),
(118, 'INF1761', 51, '3WA', 20102),
(119, 'INF1808', 52, '3WA', 20102),
(120, 'INF1811', 26, '3WA', 20102),
(121, 'INF1812', 53, '3WA', 20102),
(122, 'INF1813', 26, '3WA', 20102),
(123, 'INF1814', 26, '3WA', 20102),
(124, 'INF1821', 26, '3WA', 20102),
(125, 'INF1822', 26, '3WA', 20102),
(126, 'INF1823', 26, '3WA', 20102),
(127, 'INF1824', 26, '3WA', 20102),
(128, 'INF1902', 54, '30A', 20102),
(129, 'INF1902', 55, '30B', 20102),
(130, 'INF1903', 56, '30A', 20102),
(131, 'INF1950', 39, '3WA', 20102),
(132, 'INF1950', 33, '3WB', 20102),
(133, 'INF1950', 43, '3WC', 20102),
(134, 'INF1950', 29, '3WD', 20102),
(135, 'INF1951', 35, '3WA', 20102),
(136, 'INF1951', 35, '3WB', 20102),
(137, 'INF2002', 7, '3WD', 20102),
(138, 'INF2002', 21, '3WE', 20102),
(139, 'INF2002', 24, '3WF', 20102),
(140, 'INF2002', 19, '3WH', 20102),
(141, 'INF2003', 45, '3WA', 20102),
(142, 'INF2003', 32, '3WB', 20102),
(143, 'INF2003', 40, '3WC', 20102),
(144, 'INF2003', 7, '3WD', 20102),
(145, 'INF2003', 21, '3WE', 20102),
(146, 'INF2003', 24, '3WF', 20102),
(147, 'INF2003', 19, '3WH', 20102),
(148, 'INF2004', 45, '3WA', 20102),
(149, 'INF2004', 32, '3WB', 20102),
(150, 'INF2004', 40, '3WC', 20102),
(151, 'INF2004', 7, '3WD', 20102),
(152, 'INF2004', 21, '3WE', 20102),
(153, 'INF2004', 24, '3WF', 20102),
(154, 'INF2004', 19, '3WH', 20102),
(155, 'INF2007', 45, '3WA', 20102),
(156, 'INF2033', 21, '3WA', 20102),
(157, 'INF2036', 18, '3WA', 20102),
(158, 'INF2036', 45, '3WB', 20102),
(159, 'INF2036', 35, '3WC', 20102),
(160, 'INF2037', 18, '3WA', 20102),
(161, 'INF2037', 45, '3WB', 20102),
(162, 'INF2037', 35, '3WC', 20102),
(163, 'INF2038', 18, '3WA', 20102),
(164, 'INF2038', 45, '3WB', 20102),
(165, 'INF2038', 35, '3WC', 20102),
(166, 'INF2061', 57, '3WA', 20102),
(167, 'INF2062', 27, '3WA', 20102),
(168, 'INF2063', 41, '3WA', 20102),
(169, 'INF2064', 51, '3WA', 20102),
(170, 'INF2065', 51, '3WA', 20102),
(171, 'INF2065', 15, '3WB', 20102),
(172, 'INF2065', 27, '3WC', 20102),
(173, 'INF2065', 41, '3WD', 20102),
(174, 'INF2066', 51, '3WA', 20102),
(175, 'INF2066', 15, '3WB', 20102),
(176, 'INF2066', 27, '3WC', 20102),
(177, 'INF2066', 41, '3WD', 20102),
(178, 'INF2067', 51, '3WA', 20102),
(179, 'INF2067', 15, '3WB', 20102),
(180, 'INF2067', 27, '3WC', 20102),
(181, 'INF2067', 41, '3WD', 20102),
(182, 'INF2079', 58, '3WA', 20102),
(183, 'INF2079', 59, '3WB', 20102),
(184, 'INF2079', 5, '3WC', 20102),
(185, 'INF2079', 3, '3WD', 20102),
(186, 'INF2079', 19, '3WE', 20102),
(187, 'INF2080', 58, '3WA', 20102),
(188, 'INF2080', 59, '3WB', 20102),
(189, 'INF2080', 5, '3WC', 20102),
(190, 'INF2080', 3, '3WD', 20102),
(191, 'INF2080', 19, '3WE', 20102),
(192, 'INF2081', 58, '3WA', 20102),
(193, 'INF2081', 59, '3WB', 20102),
(194, 'INF2081', 5, '3WC', 20102),
(195, 'INF2081', 3, '3WD', 20102),
(196, 'INF2081', 19, '3WE', 20102),
(197, 'INF2082', 58, '3WA', 20102),
(198, 'INF2082', 59, '3WB', 20102),
(199, 'INF2082', 5, '3WC', 20102),
(200, 'INF2082', 3, '3WD', 20102),
(201, 'INF2082', 19, '3WE', 20102),
(202, 'INF2083', 58, '3WA', 20102),
(203, 'INF2083', 59, '3WB', 20102),
(204, 'INF2083', 5, '3WC', 20102),
(205, 'INF2083', 3, '3WD', 20102),
(206, 'INF2083', 19, '3WE', 20102),
(207, 'INF2084', 58, '3WA', 20102),
(208, 'INF2084', 59, '3WB', 20102),
(209, 'INF2084', 5, '3WC', 20102),
(210, 'INF2084', 3, '3WD', 20102),
(211, 'INF2084', 19, '3WE', 20102),
(212, 'INF2085', 58, '3WA', 20102),
(213, 'INF2085', 59, '3WB', 20102),
(214, 'INF2085', 5, '3WC', 20102),
(215, 'INF2085', 3, '3WD', 20102),
(216, 'INF2085', 19, '3WE', 20102),
(217, 'INF2102', 45, '3WA', 20102),
(218, 'INF2106', 21, '3WA', 20102),
(219, 'INF2107', 6, '3WA', 20102),
(220, 'INF2125', 45, '3WA', 20102),
(221, 'INF2130', 40, '3WA', 20102),
(222, 'INF2131', 40, '3WA', 20102),
(223, 'INF2134', 32, '3WA', 20102),
(224, 'INF2182', 6, '3WA', 20102),
(225, 'INF2182', 60, '3WB', 20102),
(226, 'INF2182', 21, '3WC', 20102),
(227, 'INF2182', 18, '3WD', 20102),
(228, 'INF2183', 6, '3WA', 20102),
(229, 'INF2183', 59, '3WB', 20102),
(230, 'INF2183', 21, '3WC', 20102),
(231, 'INF2183', 18, '3WD', 20102),
(232, 'INF2184', 6, '3WA', 20102),
(233, 'INF2184', 60, '3WB', 20102),
(234, 'INF2184', 21, '3WC', 20102),
(235, 'INF2184', 18, '3WD', 20102),
(236, 'INF2190', 45, '3WA', 20102),
(237, 'INF2190', 32, '3WB', 20102),
(238, 'INF2190', 40, '3WC', 20102),
(239, 'INF2190', 7, '3WD', 20102),
(240, 'INF2190', 21, '3WE', 20102),
(241, 'INF2190', 24, '3WF', 20102),
(242, 'INF2190', 19, '3WH', 20102),
(243, 'INF2191', 45, '3WA', 20102),
(244, 'INF2191', 32, '3WB', 20102),
(245, 'INF2191', 40, '3WC', 20102),
(246, 'INF2191', 7, '3WD', 20102),
(247, 'INF2191', 21, '3WE', 20102),
(248, 'INF2191', 24, '3WF', 20102),
(249, 'INF2191', 19, '3WH', 20102),
(250, 'INF2192', 45, '3WA', 20102),
(251, 'INF2192', 32, '3WB', 20102),
(252, 'INF2192', 40, '3WC', 20102),
(253, 'INF2192', 7, '3WD', 20102),
(254, 'INF2192', 21, '3WE', 20102),
(255, 'INF2192', 24, '3WF', 20102),
(256, 'INF2192', 19, '3WH', 20102),
(257, 'INF2193', 45, '3WA', 20102),
(258, 'INF2193', 32, '3WB', 20102),
(259, 'INF2193', 40, '3WC', 20102),
(260, 'INF2193', 7, '3WD', 20102),
(261, 'INF2193', 21, '3WE', 20102),
(262, 'INF2193', 24, '3WF', 20102),
(263, 'INF2193', 19, '3WH', 20102),
(264, 'INF2194', 45, '3WA', 20102),
(265, 'INF2194', 32, '3WB', 20102),
(266, 'INF2194', 40, '3WC', 20102),
(267, 'INF2194', 7, '3WD', 20102),
(268, 'INF2194', 21, '3WE', 20102),
(269, 'INF2194', 24, '3WF', 20102),
(270, 'INF2194', 19, '3WH', 20102),
(271, 'INF2195', 45, '3WA', 20102),
(272, 'INF2195', 32, '3WB', 20102),
(273, 'INF2195', 40, '3WC', 20102),
(274, 'INF2195', 7, '3WD', 20102),
(275, 'INF2195', 21, '3WE', 20102),
(276, 'INF2195', 24, '3WF', 20102),
(277, 'INF2195', 19, '3WH', 20102),
(278, 'INF2196', 45, '3WA', 20102),
(279, 'INF2196', 32, '3WB', 20102),
(280, 'INF2196', 40, '3WC', 20102),
(281, 'INF2196', 7, '3WD', 20102),
(282, 'INF2196', 21, '3WE', 20102),
(283, 'INF2196', 24, '3WF', 20102),
(284, 'INF2196', 19, '3WH', 20102),
(285, 'INF2217', 59, '3WA', 20102),
(286, 'INF2218', 18, '3WA', 20102),
(287, 'INF2292', 18, '3WA', 20102),
(288, 'INF2292', 45, '3WB', 20102),
(289, 'INF2292', 35, '3WC', 20102),
(290, 'INF2293', 18, '3WA', 20102),
(291, 'INF2293', 45, '3WB', 20102),
(292, 'INF2293', 35, '3WC', 20102),
(293, 'INF2294', 18, '3WA', 20102),
(294, 'INF2294', 45, '3WB', 20102),
(295, 'INF2294', 35, '3WC', 20102),
(296, 'INF2295', 18, '3WA', 20102),
(297, 'INF2295', 45, '3WB', 20102),
(298, 'INF2295', 35, '3WC', 20102),
(299, 'INF2296', 18, '3WA', 20102),
(300, 'INF2296', 45, '3WB', 20102),
(301, 'INF2296', 35, '3WC', 20102),
(302, 'INF2297', 18, '3WA', 20102),
(303, 'INF2297', 45, '3WB', 20102),
(304, 'INF2297', 35, '3WC', 20102),
(305, 'INF2298', 18, '3WA', 20102),
(306, 'INF2298', 45, '3WB', 20102),
(307, 'INF2298', 35, '3WC', 20102),
(308, 'INF2390', 58, '3WA', 20102),
(309, 'INF2392', 58, '3WA', 20102),
(310, 'INF2392', 59, '3WB', 20102),
(311, 'INF2392', 5, '3WC', 20102),
(312, 'INF2392', 3, '3WD', 20102),
(313, 'INF2392', 19, '3WE', 20102),
(314, 'INF2393', 58, '3WA', 20102),
(315, 'INF2393', 59, '3WB', 20102),
(316, 'INF2393', 5, '3WC', 20102),
(317, 'INF2393', 3, '3WD', 20102),
(318, 'INF2393', 19, '3WE', 20102),
(319, 'INF2394', 58, '3WA', 20102),
(320, 'INF2394', 59, '3WB', 20102),
(321, 'INF2394', 5, '3WC', 20102),
(322, 'INF2394', 3, '3WD', 20102),
(323, 'INF2394', 19, '3WE', 20102),
(324, 'INF2556', 21, '3WA', 20102),
(325, 'INF2586', 49, '3WA', 20102),
(326, 'INF2586', 60, '3WB', 20102),
(327, 'INF2586', 61, '3WC', 20102),
(328, 'INF2586', 21, '3WD', 20102),
(329, 'INF2587', 49, '3WA', 20102),
(330, 'INF2587', 60, '3WB', 20102),
(331, 'INF2587', 61, '3WC', 20102),
(332, 'INF2587', 21, '3WD', 20102),
(333, 'INF2588', 49, '3WA', 20102),
(334, 'INF2588', 60, '3WB', 20102),
(335, 'INF2588', 61, '3WC', 20102),
(336, 'INF2588', 21, '3WD', 20102),
(337, 'INF2589', 49, '3WA', 20102),
(338, 'INF2589', 60, '3WB', 20102),
(339, 'INF2589', 61, '3WC', 20102),
(340, 'INF2589', 21, '3WD', 20102),
(341, 'INF2591', 60, '3WA', 20102),
(342, 'INF2595', 49, '3WA', 20102),
(343, 'INF2595', 60, '3WB', 20102),
(344, 'INF2595', 61, '3WC', 20102),
(345, 'INF2595', 21, '3WD', 20102),
(346, 'INF2596', 49, '3WA', 20102),
(347, 'INF2596', 60, '3WB', 20102),
(348, 'INF2596', 61, '3WC', 20102),
(349, 'INF2596', 21, '3WD', 20102),
(350, 'INF2597', 49, '3WA', 20102),
(351, 'INF2597', 60, '3WB', 20102),
(352, 'INF2597', 61, '3WC', 20102),
(353, 'INF2597', 21, '3WD', 20102),
(354, 'INF2598', 49, '3WA', 20102),
(355, 'INF2598', 60, '3WB', 20102),
(356, 'INF2598', 61, '3WC', 20102),
(357, 'INF2598', 21, '3WD', 20102),
(358, 'INF2599', 49, '3WA', 20102),
(359, 'INF2599', 60, '3WB', 20102),
(360, 'INF2599', 61, '3WC', 20102),
(361, 'INF2599', 21, '3WD', 20102),
(362, 'INF2607', 15, '3WA', 20102),
(363, 'INF2686', 51, '3WA', 20102),
(364, 'INF2686', 15, '3WB', 20102),
(365, 'INF2686', 27, '3WC', 20102),
(366, 'INF2686', 41, '3WD', 20102),
(367, 'INF2687', 51, '3WA', 20102),
(368, 'INF2687', 15, '3WB', 20102),
(369, 'INF2687', 27, '3WC', 20102),
(370, 'INF2687', 41, '3WD', 20102),
(371, 'INF2688', 51, '3WA', 20102),
(372, 'INF2688', 15, '3WB', 20102),
(373, 'INF2688', 27, '3WC', 20102),
(374, 'INF2688', 41, '3WD', 20102),
(375, 'INF2689', 51, '3WA', 20102),
(376, 'INF2689', 15, '3WB', 20102),
(377, 'INF2689', 27, '3WC', 20102),
(378, 'INF2689', 41, '3WD', 20102),
(379, 'INF2692', 51, '3WA', 20102),
(380, 'INF2692', 15, '3WB', 20102),
(381, 'INF2692', 27, '3WC', 20102),
(382, 'INF2692', 41, '3WD', 20102),
(383, 'INF2693', 51, '3WA', 20102),
(384, 'INF2693', 15, '3WB', 20102),
(385, 'INF2693', 27, '3WC', 20102),
(386, 'INF2693', 41, '3WD', 20102),
(387, 'INF2694', 51, '3WA', 20102),
(388, 'INF2694', 15, '3WB', 20102),
(389, 'INF2694', 27, '3WC', 20102),
(390, 'INF2694', 41, '3WD', 20102),
(391, 'INF2705', 37, '3WA', 20102),
(392, 'INF2708', 30, '3WA', 20102),
(393, 'INF2786', 37, '3WA', 20102),
(394, 'INF2786', 30, '3WB', 20102),
(395, 'INF2786', 7, '3WC', 20102),
(396, 'INF2786', 41, '3WD', 20102),
(397, 'INF2787', 37, '3WA', 20102),
(398, 'INF2787', 30, '3WB', 20102),
(399, 'INF2787', 7, '3WC', 20102),
(400, 'INF2787', 41, '3WD', 20102),
(401, 'INF2788', 37, '3WA', 20102),
(402, 'INF2788', 30, '3WB', 20102),
(403, 'INF2788', 7, '3WC', 20102),
(404, 'INF2788', 41, '3WD', 20102),
(405, 'INF2789', 37, '3WA', 20102),
(406, 'INF2789', 30, '3WB', 20102),
(407, 'INF2789', 7, '3WC', 20102),
(408, 'INF2789', 41, '3WD', 20102),
(409, 'INF2795', 37, '3WA', 20102),
(410, 'INF2795', 30, '3WB', 20102),
(411, 'INF2795', 7, '3WC', 20102),
(412, 'INF2795', 41, '3WD', 20102),
(413, 'INF2796', 37, '3WA', 20102),
(414, 'INF2796', 30, '3WB', 20102),
(415, 'INF2796', 7, '3WC', 20102),
(416, 'INF2796', 41, '3WD', 20102),
(417, 'INF2797', 37, '3WA', 20102),
(418, 'INF2797', 30, '3WB', 20102),
(419, 'INF2797', 7, '3WC', 20102),
(420, 'INF2797', 41, '3WD', 20102),
(421, 'INF2798', 37, '3WA', 20102),
(422, 'INF2798', 30, '3WB', 20102),
(423, 'INF2798', 7, '3WC', 20102),
(424, 'INF2798', 41, '3WD', 20102),
(425, 'INF2799', 37, '3WA', 20102),
(426, 'INF2799', 30, '3WB', 20102),
(427, 'INF2799', 7, '3WC', 20102),
(428, 'INF2799', 41, '3WD', 20102),
(429, 'INF2801', 49, '3WA', 20102),
(430, 'INF2802', 62, '3WA', 20102),
(431, 'INF2806', 6, '3WA', 20102),
(432, 'INF2806', 60, '3WB', 20102),
(433, 'INF2806', 21, '3WC', 20102),
(434, 'INF2806', 18, '3WD', 20102),
(435, 'INF2807', 6, '3WA', 20102),
(436, 'INF2807', 60, '3WB', 20102),
(437, 'INF2807', 21, '3WC', 20102),
(438, 'INF2807', 18, '3WD', 20102),
(439, 'INF2808', 6, '3WA', 20102),
(440, 'INF2808', 60, '3WB', 20102),
(441, 'INF2808', 21, '3WC', 20102),
(442, 'INF2808', 18, '3WD', 20102),
(443, 'INF2809', 6, '3WA', 20102),
(444, 'INF2809', 60, '3WB', 20102),
(445, 'INF2809', 21, '3WC', 20102),
(446, 'INF2809', 18, '3WD', 20102),
(447, 'INF2813', 6, '3WA', 20102),
(448, 'INF2813', 60, '3WB', 20102),
(449, 'INF2813', 21, '3WC', 20102),
(450, 'INF2813', 18, '3WD', 20102),
(451, 'INF2814', 6, '3WA', 20102),
(452, 'INF2814', 60, '3WB', 20102),
(453, 'INF2814', 21, '3WC', 20102),
(454, 'INF2814', 18, '3WD', 20102),
(455, 'INF2815', 6, '3WA', 20102),
(456, 'INF2815', 60, '3WB', 20102),
(457, 'INF2815', 21, '3WC', 20102),
(458, 'INF2815', 18, '3WD', 20102),
(459, 'INF2886', 62, '3WA', 20102),
(460, 'INF2886', 49, '3WB', 20102),
(461, 'INF2887', 62, '3WA', 20102),
(462, 'INF2887', 49, '3WB', 20102),
(463, 'INF2888', 62, '3WA', 20102),
(464, 'INF2888', 49, '3WB', 20102),
(465, 'INF2889', 62, '3WA', 20102),
(466, 'INF2889', 49, '3WB', 20102),
(467, 'INF2891', 62, '3WA', 20102),
(468, 'INF2895', 62, '3WA', 20102),
(469, 'INF2895', 49, '3WB', 20102),
(470, 'INF2896', 62, '3WA', 20102),
(471, 'INF2896', 49, '3WB', 20102),
(472, 'INF2897', 62, '3WA', 20102),
(473, 'INF2897', 49, '3WB', 20102),
(474, 'INF2898', 62, '3WA', 20102),
(475, 'INF2898', 49, '3WB', 20102),
(476, 'INF2899', 62, '3WA', 20102),
(477, 'INF2899', 49, '3WB', 20102),
(478, 'INF2912', 35, '3WA', 20102),
(479, 'INF2920', 19, '3WA', 20102),
(480, 'INF2921', 24, '3WA', 20102),
(481, 'INF2926', 52, '3WA', 20102),
(482, 'INF2979', 48, '3WA', 20102),
(483, 'INF2983', 48, '3WA', 20102),
(484, 'INF2983', 52, '3WB', 20102),
(485, 'INF2983', 35, '3WC', 20102),
(486, 'INF2984', 48, '3WA', 20102),
(487, 'INF2984', 52, '3WB', 20102),
(488, 'INF2984', 35, '3WC', 20102),
(489, 'INF2985', 48, '3WA', 20102),
(490, 'INF2985', 52, '3WB', 20102),
(491, 'INF2985', 35, '3WC', 20102),
(492, 'INF2986', 48, '3WA', 20102),
(493, 'INF2986', 52, '3WB', 20102),
(494, 'INF2986', 35, '3WC', 20102),
(495, 'INF2987', 48, '3WA', 20102),
(496, 'INF2987', 52, '3WB', 20102),
(497, 'INF2987', 35, '3WC', 20102),
(498, 'INF2988', 48, '3WA', 20102),
(499, 'INF2988', 52, '3WB', 20102),
(500, 'INF2988', 35, '3WC', 20102),
(501, 'INF2989', 48, '3WA', 20102),
(502, 'INF2989', 52, '3WB', 20102),
(503, 'INF2989', 35, '3WC', 20102),
(504, 'INF2992', 48, '3WA', 20102),
(505, 'INF2992', 52, '3WB', 20102),
(506, 'INF2992', 35, '3WC', 20102),
(507, 'INF2993', 48, '3WA', 20102),
(508, 'INF2993', 52, '3WB', 20102),
(509, 'INF2993', 35, '3WC', 20102),
(510, 'INF2994', 48, '3WA', 20102),
(511, 'INF2994', 52, '3WB', 20102),
(512, 'INF2994', 35, '3WC', 20102),
(513, 'INF3000', 57, '3WA', 20102),
(514, 'INF3001', 63, '3WA', 20102),
(515, 'INF3002', 57, '3WA', 20102),
(516, 'INF3004', 57, '3WA', 20102),
(517, 'INF3006', 57, '3WA', 20102),
(518, 'INF3007', 57, '3WA', 20102),
(519, 'INF3200', 57, '3WA', 20102),
(520, 'INF3201', 57, '3WA', 20102),
(521, 'INF3202', 57, '3WA', 20102),
(522, 'INF3203', 57, '3WA', 20102),
(523, 'INF3210', 57, '3WA', 20102),
(524, 'INF3211', 57, '3WA', 20102),
(525, 'INF3212', 57, '3WA', 20102),
(526, 'INF3213', 57, '3WA', 20102),
(527, 'INF3220', 57, '3WA', 20102),
(528, 'INF3221', 57, '3WA', 20102),
(529, 'INF3222', 57, '3WA', 20102),
(530, 'INF3223', 57, '3WA', 20102);

-- --------------------------------------------------------

--
-- Estrutura da tabela `TurmaHorario`
--

CREATE TABLE IF NOT EXISTS `TurmaHorario` (
  `FK_CodTurma` int(11) NOT NULL,
  `DiaSemana` int(1) NOT NULL,
  `HoraInicial` int(2) unsigned NOT NULL,
  `HoraFinal` int(2) unsigned NOT NULL,
  KEY `FK_CodTurma` (`FK_CodTurma`)
) ENGINE=InnoDB DEFAULT CHARSET=latin1;

--
-- Extraindo dados da tabela `TurmaHorario`
--

INSERT INTO `TurmaHorario` (`FK_CodTurma`, `DiaSemana`, `HoraInicial`, `HoraFinal`) VALUES
(1, 3, 7, 9),
(1, 5, 7, 9),
(2, 3, 7, 9),
(2, 5, 7, 9),
(3, 3, 9, 11),
(3, 5, 9, 11),
(4, 3, 9, 11),
(4, 5, 9, 11),
(5, 3, 11, 13),
(5, 5, 11, 13),
(6, 3, 11, 13),
(6, 5, 11, 13),
(7, 3, 13, 15),
(7, 5, 13, 15),
(8, 3, 15, 17),
(8, 5, 15, 17),
(9, 3, 15, 17),
(9, 5, 15, 17),
(10, 3, 7, 9),
(10, 5, 7, 9),
(11, 3, 13, 15),
(11, 5, 13, 15),
(12, 3, 9, 11),
(12, 5, 9, 11),
(13, 2, 7, 9),
(13, 4, 7, 9),
(14, 2, 9, 11),
(14, 4, 9, 11),
(15, 2, 9, 11),
(15, 4, 9, 11),
(16, 2, 11, 13),
(16, 4, 11, 13),
(17, 2, 11, 13),
(17, 4, 11, 13),
(18, 2, 13, 15),
(18, 4, 13, 15),
(19, 2, 13, 15),
(19, 4, 13, 15),
(20, 2, 15, 17),
(20, 4, 15, 17),
(21, 2, 15, 17),
(21, 4, 15, 17),
(22, 6, 13, 15),
(23, 3, 13, 15),
(23, 5, 13, 15),
(24, 3, 11, 13),
(24, 5, 11, 13),
(25, 2, 9, 11),
(25, 4, 9, 11),
(26, 3, 21, 23),
(26, 5, 21, 23),
(27, 6, 9, 11),
(28, 6, 13, 15),
(29, 5, 17, 18),
(30, 3, 11, 13),
(30, 5, 11, 13),
(31, 3, 15, 17),
(31, 5, 15, 17),
(32, 3, 11, 13),
(32, 5, 11, 13),
(33, 3, 15, 17),
(33, 5, 15, 17),
(34, 2, 21, 23),
(34, 4, 21, 23),
(35, 6, 7, 10),
(36, 4, 11, 14),
(37, 2, 13, 15),
(37, 4, 13, 15),
(38, 2, 17, 19),
(38, 4, 17, 19),
(39, 2, 19, 21),
(39, 4, 19, 21),
(40, 2, 17, 19),
(40, 4, 17, 19),
(41, 3, 17, 19),
(41, 5, 17, 19),
(42, 3, 19, 21),
(42, 5, 19, 21),
(43, 3, 15, 17),
(43, 5, 15, 17),
(44, 3, 19, 21),
(44, 5, 19, 21),
(45, 3, 21, 23),
(45, 5, 21, 23),
(45, 6, 21, 23),
(46, 0, 0, 0),
(47, 2, 19, 21),
(47, 4, 19, 21),
(47, 6, 19, 21),
(48, 0, 0, 0),
(49, 0, 0, 0),
(50, 0, 0, 0),
(51, 0, 0, 0),
(52, 0, 0, 0),
(53, 0, 0, 0),
(54, 0, 0, 0),
(55, 0, 0, 0),
(56, 0, 0, 0),
(57, 0, 0, 0),
(58, 0, 0, 0),
(59, 3, 21, 23),
(59, 5, 21, 23),
(60, 2, 17, 19),
(60, 4, 17, 19),
(61, 3, 17, 19),
(61, 5, 17, 19),
(62, 2, 15, 17),
(62, 4, 15, 17),
(63, 2, 13, 15),
(63, 4, 13, 15),
(64, 2, 11, 13),
(64, 4, 11, 13),
(65, 3, 17, 19),
(65, 5, 17, 19),
(66, 3, 21, 23),
(66, 5, 21, 23),
(66, 6, 21, 23),
(67, 3, 19, 21),
(67, 5, 19, 21),
(68, 2, 19, 21),
(68, 4, 19, 21),
(69, 3, 19, 21),
(69, 5, 19, 21),
(70, 2, 19, 21),
(70, 4, 19, 21),
(71, 0, 0, 0),
(72, 0, 0, 0),
(73, 0, 0, 0),
(74, 0, 0, 0),
(75, 0, 0, 0),
(76, 0, 0, 0),
(77, 0, 0, 0),
(78, 0, 0, 0),
(79, 0, 0, 0),
(80, 0, 0, 0),
(81, 0, 0, 0),
(82, 0, 0, 0),
(83, 0, 0, 0),
(84, 0, 0, 0),
(85, 0, 0, 0),
(86, 0, 0, 0),
(87, 0, 0, 0),
(88, 0, 0, 0),
(89, 0, 0, 0),
(90, 0, 0, 0),
(91, 0, 0, 0),
(92, 0, 0, 0),
(93, 0, 0, 0),
(94, 0, 0, 0),
(95, 0, 0, 0),
(96, 0, 0, 0),
(97, 0, 0, 0),
(98, 0, 0, 0),
(99, 0, 0, 0),
(100, 0, 0, 0),
(101, 0, 0, 0),
(102, 2, 17, 19),
(102, 4, 17, 19),
(103, 3, 19, 21),
(103, 5, 19, 21),
(104, 2, 17, 19),
(104, 4, 17, 19),
(105, 0, 0, 0),
(106, 2, 11, 13),
(106, 4, 11, 13),
(107, 3, 11, 13),
(107, 5, 11, 13),
(108, 2, 13, 15),
(108, 4, 13, 15),
(109, 0, 0, 0),
(110, 2, 17, 19),
(110, 4, 17, 19),
(111, 2, 15, 17),
(111, 4, 15, 17),
(112, 3, 7, 9),
(112, 5, 7, 9),
(113, 2, 9, 11),
(113, 4, 9, 11),
(114, 2, 17, 19),
(114, 4, 17, 19),
(115, 3, 9, 11),
(115, 5, 9, 11),
(116, 2, 15, 17),
(116, 4, 15, 17),
(117, 3, 19, 21),
(117, 5, 19, 21),
(118, 2, 13, 15),
(118, 4, 13, 15),
(119, 2, 13, 15),
(120, 0, 0, 0),
(121, 2, 11, 13),
(122, 0, 0, 0),
(123, 0, 0, 0),
(124, 0, 0, 0),
(125, 0, 0, 0),
(126, 0, 0, 0),
(127, 0, 0, 0),
(128, 2, 7, 9),
(128, 4, 7, 9),
(129, 2, 19, 23),
(130, 3, 9, 11),
(130, 5, 9, 11),
(131, 0, 0, 0),
(132, 0, 0, 0),
(133, 0, 0, 0),
(134, 0, 0, 0),
(135, 0, 0, 0),
(136, 0, 0, 0),
(137, 0, 0, 0),
(138, 0, 0, 0),
(139, 0, 0, 0),
(140, 0, 0, 0),
(141, 0, 0, 0),
(142, 0, 0, 0),
(143, 0, 0, 0),
(144, 0, 0, 0),
(145, 0, 0, 0),
(146, 0, 0, 0),
(147, 0, 0, 0),
(148, 0, 0, 0),
(149, 0, 0, 0),
(150, 0, 0, 0),
(151, 0, 0, 0),
(152, 0, 0, 0),
(153, 0, 0, 0),
(154, 0, 0, 0),
(155, 3, 16, 19),
(156, 5, 13, 16),
(157, 0, 0, 0),
(158, 0, 0, 0),
(159, 0, 0, 0),
(160, 0, 0, 0),
(161, 0, 0, 0),
(162, 0, 0, 0),
(163, 0, 0, 0),
(164, 0, 0, 0),
(165, 0, 0, 0),
(166, 5, 15, 16),
(167, 5, 10, 13),
(168, 4, 16, 18),
(169, 3, 13, 16),
(170, 0, 0, 0),
(171, 0, 0, 0),
(172, 0, 0, 0),
(173, 0, 0, 0),
(174, 0, 0, 0),
(175, 0, 0, 0),
(176, 0, 0, 0),
(177, 0, 0, 0),
(178, 0, 0, 0),
(179, 0, 0, 0),
(180, 0, 0, 0),
(181, 0, 0, 0),
(182, 0, 0, 0),
(183, 0, 0, 0),
(184, 0, 0, 0),
(185, 0, 0, 0),
(186, 0, 0, 0),
(187, 0, 0, 0),
(188, 0, 0, 0),
(189, 0, 0, 0),
(190, 0, 0, 0),
(191, 0, 0, 0),
(192, 0, 0, 0),
(193, 0, 0, 0),
(194, 0, 0, 0),
(195, 0, 0, 0),
(196, 0, 0, 0),
(197, 0, 0, 0),
(198, 0, 0, 0),
(199, 0, 0, 0),
(200, 0, 0, 0),
(201, 0, 0, 0),
(202, 0, 0, 0),
(203, 0, 0, 0),
(204, 0, 0, 0),
(205, 0, 0, 0),
(206, 0, 0, 0),
(207, 0, 0, 0),
(208, 0, 0, 0),
(209, 0, 0, 0),
(210, 0, 0, 0),
(211, 0, 0, 0),
(212, 0, 0, 0),
(213, 0, 0, 0),
(214, 0, 0, 0),
(215, 0, 0, 0),
(216, 0, 0, 0),
(217, 0, 0, 0),
(218, 3, 13, 16),
(219, 0, 0, 0),
(220, 2, 13, 16),
(221, 0, 0, 0),
(222, 4, 17, 20),
(223, 5, 16, 19),
(224, 0, 0, 0),
(225, 0, 0, 0),
(226, 0, 0, 0),
(227, 0, 0, 0),
(228, 0, 0, 0),
(229, 0, 0, 0),
(230, 0, 0, 0),
(231, 0, 0, 0),
(232, 0, 0, 0),
(233, 0, 0, 0),
(234, 0, 0, 0),
(235, 0, 0, 0),
(236, 0, 0, 0),
(237, 0, 0, 0),
(238, 0, 0, 0),
(239, 0, 0, 0),
(240, 0, 0, 0),
(241, 0, 0, 0),
(242, 0, 0, 0),
(243, 0, 0, 0),
(244, 0, 0, 0),
(245, 0, 0, 0),
(246, 0, 0, 0),
(247, 0, 0, 0),
(248, 0, 0, 0),
(249, 0, 0, 0),
(250, 0, 0, 0),
(251, 0, 0, 0),
(252, 0, 0, 0),
(253, 0, 0, 0),
(254, 0, 0, 0),
(255, 0, 0, 0),
(256, 0, 0, 0),
(257, 0, 0, 0),
(258, 0, 0, 0),
(259, 0, 0, 0),
(260, 0, 0, 0),
(261, 0, 0, 0),
(262, 0, 0, 0),
(263, 0, 0, 0),
(264, 0, 0, 0),
(265, 0, 0, 0),
(266, 0, 0, 0),
(267, 0, 0, 0),
(268, 0, 0, 0),
(269, 0, 0, 0),
(270, 0, 0, 0),
(271, 0, 0, 0),
(272, 0, 0, 0),
(273, 0, 0, 0),
(274, 0, 0, 0),
(275, 0, 0, 0),
(276, 0, 0, 0),
(277, 0, 0, 0),
(278, 0, 0, 0),
(279, 0, 0, 0),
(280, 0, 0, 0),
(281, 0, 0, 0),
(282, 0, 0, 0),
(283, 0, 0, 0),
(284, 0, 0, 0),
(285, 3, 13, 16),
(286, 3, 13, 16),
(287, 0, 0, 0),
(288, 0, 0, 0),
(289, 0, 0, 0),
(290, 0, 0, 0),
(291, 0, 0, 0),
(292, 0, 0, 0),
(293, 0, 0, 0),
(294, 0, 0, 0),
(295, 0, 0, 0),
(296, 0, 0, 0),
(297, 0, 0, 0),
(298, 0, 0, 0),
(299, 0, 0, 0),
(300, 0, 0, 0),
(301, 0, 0, 0),
(302, 0, 0, 0),
(303, 0, 0, 0),
(304, 0, 0, 0),
(305, 0, 0, 0),
(306, 0, 0, 0),
(307, 0, 0, 0),
(308, 6, 13, 15),
(309, 0, 0, 0),
(310, 0, 0, 0),
(311, 0, 0, 0),
(312, 0, 0, 0),
(313, 0, 0, 0),
(314, 0, 0, 0),
(315, 0, 0, 0),
(316, 0, 0, 0),
(317, 0, 0, 0),
(318, 0, 0, 0),
(319, 0, 0, 0),
(320, 0, 0, 0),
(321, 0, 0, 0),
(322, 0, 0, 0),
(323, 0, 0, 0),
(324, 4, 16, 18),
(325, 0, 0, 0),
(326, 0, 0, 0),
(327, 0, 0, 0),
(328, 0, 0, 0),
(329, 0, 0, 0),
(330, 0, 0, 0),
(331, 0, 0, 0),
(332, 0, 0, 0),
(333, 0, 0, 0),
(334, 0, 0, 0),
(335, 0, 0, 0),
(336, 0, 0, 0),
(337, 0, 0, 0),
(338, 0, 0, 0),
(339, 0, 0, 0),
(340, 0, 0, 0),
(341, 3, 10, 13),
(342, 0, 0, 0),
(343, 0, 0, 0),
(344, 0, 0, 0),
(345, 0, 0, 0),
(346, 0, 0, 0),
(347, 0, 0, 0),
(348, 0, 0, 0),
(349, 0, 0, 0),
(350, 0, 0, 0),
(351, 0, 0, 0),
(352, 0, 0, 0),
(353, 0, 0, 0),
(354, 0, 0, 0),
(355, 0, 0, 0),
(356, 0, 0, 0),
(357, 0, 0, 0),
(358, 0, 0, 0),
(359, 0, 0, 0),
(360, 0, 0, 0),
(361, 0, 0, 0),
(362, 2, 9, 11),
(362, 6, 10, 11),
(363, 0, 0, 0),
(364, 0, 0, 0),
(365, 0, 0, 0),
(366, 0, 0, 0),
(367, 0, 0, 0),
(368, 0, 0, 0),
(369, 0, 0, 0),
(370, 0, 0, 0),
(371, 0, 0, 0),
(372, 0, 0, 0),
(373, 0, 0, 0),
(374, 0, 0, 0),
(375, 0, 0, 0),
(376, 0, 0, 0),
(377, 0, 0, 0),
(378, 0, 0, 0),
(379, 0, 0, 0),
(380, 0, 0, 0),
(381, 0, 0, 0),
(382, 0, 0, 0),
(383, 0, 0, 0),
(384, 0, 0, 0),
(385, 0, 0, 0),
(386, 0, 0, 0),
(387, 0, 0, 0),
(388, 0, 0, 0),
(389, 0, 0, 0),
(390, 0, 0, 0),
(391, 3, 11, 13),
(392, 2, 13, 16),
(393, 0, 0, 0),
(394, 0, 0, 0),
(395, 0, 0, 0),
(396, 0, 0, 0),
(397, 0, 0, 0),
(398, 0, 0, 0),
(399, 0, 0, 0),
(400, 0, 0, 0),
(401, 0, 0, 0),
(402, 0, 0, 0),
(403, 0, 0, 0),
(404, 0, 0, 0),
(405, 0, 0, 0),
(406, 0, 0, 0),
(407, 0, 0, 0),
(408, 0, 0, 0),
(409, 0, 0, 0),
(410, 0, 0, 0),
(411, 0, 0, 0),
(412, 0, 0, 0),
(413, 0, 0, 0),
(414, 0, 0, 0),
(415, 0, 0, 0),
(416, 0, 0, 0),
(417, 0, 0, 0),
(418, 0, 0, 0),
(419, 0, 0, 0),
(420, 0, 0, 0),
(421, 0, 0, 0),
(422, 0, 0, 0),
(423, 0, 0, 0),
(424, 0, 0, 0),
(425, 0, 0, 0),
(426, 0, 0, 0),
(427, 0, 0, 0),
(428, 0, 0, 0),
(429, 4, 16, 19),
(430, 4, 17, 20),
(431, 0, 0, 0),
(432, 0, 0, 0),
(433, 0, 0, 0),
(434, 0, 0, 0),
(435, 0, 0, 0),
(436, 0, 0, 0),
(437, 0, 0, 0),
(438, 0, 0, 0),
(439, 0, 0, 0),
(440, 0, 0, 0),
(441, 0, 0, 0),
(442, 0, 0, 0),
(443, 0, 0, 0),
(444, 0, 0, 0),
(445, 0, 0, 0),
(446, 0, 0, 0),
(447, 0, 0, 0),
(448, 0, 0, 0),
(449, 0, 0, 0),
(450, 0, 0, 0),
(451, 0, 0, 0),
(452, 0, 0, 0),
(453, 0, 0, 0),
(454, 0, 0, 0),
(455, 0, 0, 0),
(456, 0, 0, 0),
(457, 0, 0, 0),
(458, 0, 0, 0),
(459, 0, 0, 0),
(460, 0, 0, 0),
(461, 0, 0, 0),
(462, 0, 0, 0),
(463, 0, 0, 0),
(464, 0, 0, 0),
(465, 0, 0, 0),
(466, 0, 0, 0),
(467, 3, 16, 19),
(468, 0, 0, 0),
(469, 0, 0, 0),
(470, 0, 0, 0),
(471, 0, 0, 0),
(472, 0, 0, 0),
(473, 0, 0, 0),
(474, 0, 0, 0),
(475, 0, 0, 0),
(476, 0, 0, 0),
(477, 0, 0, 0),
(478, 2, 10, 13),
(479, 4, 13, 16),
(480, 4, 9, 12),
(481, 4, 13, 16),
(482, 3, 10, 13),
(483, 0, 0, 0),
(484, 0, 0, 0),
(485, 0, 0, 0),
(486, 0, 0, 0),
(487, 0, 0, 0),
(488, 0, 0, 0),
(489, 0, 0, 0),
(490, 0, 0, 0),
(491, 0, 0, 0),
(492, 0, 0, 0),
(493, 0, 0, 0),
(494, 0, 0, 0),
(495, 0, 0, 0),
(496, 0, 0, 0),
(497, 0, 0, 0),
(498, 0, 0, 0),
(499, 0, 0, 0),
(500, 0, 0, 0),
(501, 0, 0, 0),
(502, 0, 0, 0),
(503, 0, 0, 0),
(504, 0, 0, 0),
(505, 0, 0, 0),
(506, 0, 0, 0),
(507, 0, 0, 0),
(508, 0, 0, 0),
(509, 0, 0, 0),
(510, 0, 0, 0),
(511, 0, 0, 0),
(512, 0, 0, 0),
(513, 0, 0, 0),
(514, 0, 0, 0),
(515, 0, 0, 0),
(516, 0, 0, 0),
(517, 0, 0, 0),
(518, 0, 0, 0),
(519, 0, 0, 0),
(520, 0, 0, 0),
(521, 0, 0, 0),
(522, 0, 0, 0),
(523, 0, 0, 0),
(524, 0, 0, 0),
(525, 0, 0, 0),
(526, 0, 0, 0),
(527, 0, 0, 0),
(528, 0, 0, 0),
(529, 0, 0, 0),
(530, 0, 0, 0);

-- --------------------------------------------------------

--
-- Estrutura para visualizar `AlunoCreditosCursados`
--
DROP TABLE IF EXISTS `AlunoCreditosCursados`;

CREATE ALGORITHM=UNDEFINED DEFINER=`root`@`localhost` SQL SECURITY DEFINER VIEW `AlunoCreditosCursados` AS select `H`.`FK_CodAluno` AS `FK_CodAluno`,sum(`D`.`QtdCreditos`) AS `TotalCreditos` from (`Historico` `H` join `Disciplina` `D` on((`D`.`PK_Codigo` = `H`.`FK_CodDisciplina`))) where ((`H`.`SituacaoFinal` = 'AP') or (`H`.`SituacaoFinal` = 'CP')) group by `H`.`FK_CodAluno`;

-- --------------------------------------------------------

--
-- Estrutura para visualizar `DisciplinaAlunoAprovado`
--
DROP TABLE IF EXISTS `DisciplinaAlunoAprovado`;

CREATE ALGORITHM=UNDEFINED DEFINER=`root`@`localhost` SQL SECURITY DEFINER VIEW `DisciplinaAlunoAprovado` AS select `H1`.`FK_CodAluno` AS `FK_CodAluno`,`H1`.`FK_CodDisciplina` AS `FK_CodDisciplina` from `Historico` `H1` where ((`H1`.`SituacaoFinal` = 'AP') or (`H1`.`SituacaoFinal` = 'CP')) union (select `H2`.`FK_CodAluno` AS `FK_CodAluno`,`ED`.`FK_EquivaleA` AS `FK_EquivaleA` from (`Historico` `H2` join `EquivalenciaDisciplina` `ED` on((`ED`.`FK_CodDisciplina` = `H2`.`FK_CodDisciplina`))) where ((`H2`.`SituacaoFinal` = 'AP') or (`H2`.`SituacaoFinal` = 'CP'))) union (select `H2`.`FK_CodAluno` AS `FK_CodAluno`,`ED`.`FK_CodDisciplina` AS `FK_CodDisciplina` from (`Historico` `H2` join `EquivalenciaDisciplina` `ED` on((`ED`.`FK_EquivaleA` = `H2`.`FK_CodDisciplina`))) where ((`H2`.`SituacaoFinal` = 'AP') or (`H2`.`SituacaoFinal` = 'CP')));

-- --------------------------------------------------------

--
-- Estrutura para visualizar `DisciplinaAlunoApto`
--
DROP TABLE IF EXISTS `DisciplinaAlunoApto`;

CREATE ALGORITHM=UNDEFINED DEFINER=`root`@`localhost` SQL SECURITY DEFINER VIEW `DisciplinaAlunoApto` AS select `A`.`PK_Matricula` AS `CodAluno`,`CD`.`FK_CodDisciplina` AS `CodDisciplina`,`CD`.`PeriodoCursar` AS `PeriodoCursar` from (`Aluno` `A` join `CursoDisciplina` `CD` on((`A`.`FK_CodCurso` = `CD`.`FK_CodCurso`))) where ((not(`CD`.`FK_CodDisciplina` in (select `DisciplinaAlunoAprovado`.`FK_CodDisciplina` AS `FK_CodDisciplina` from `DisciplinaAlunoAprovado` where (`DisciplinaAlunoAprovado`.`FK_CodAluno` = `A`.`PK_Matricula`)))) and (not(exists(select `PR`.`FK_CodDisciplina` AS `FK_CodDisciplina` from `PreRequisito` `PR` where ((`PR`.`FK_CodDisciplina` = `CD`.`FK_CodDisciplina`) and (not(`PR`.`FK_CodDisciplina` in (select `DisciplinaAlunoAprovado`.`FK_CodDisciplina` AS `FK_CodDisciplina` from `DisciplinaAlunoAprovado` where (`DisciplinaAlunoAprovado`.`FK_CodAluno` = `A`.`PK_Matricula`))))))))) order by `CD`.`PeriodoCursar`,`CD`.`FK_CodDisciplina`;

--
-- Restrições para as tabelas dumpadas
--

--
-- Restrições para a tabela `Aluno`
--
ALTER TABLE `Aluno`
  ADD CONSTRAINT `Aluno_ibfk_1` FOREIGN KEY (`FK_CodCurso`) REFERENCES `Curso` (`PK_Codigo`) ON DELETE CASCADE ON UPDATE CASCADE;

--
-- Restrições para a tabela `CursoDisciplina`
--
ALTER TABLE `CursoDisciplina`
  ADD CONSTRAINT `CursoDisciplina_ibfk_1` FOREIGN KEY (`FK_CodCurso`) REFERENCES `Curso` (`PK_Codigo`) ON DELETE CASCADE ON UPDATE CASCADE,
  ADD CONSTRAINT `CursoDisciplina_ibfk_2` FOREIGN KEY (`FK_CodDisciplina`) REFERENCES `Disciplina` (`PK_Codigo`) ON DELETE CASCADE ON UPDATE CASCADE;

--
-- Restrições para a tabela `EquivalenciaDisciplina`
--
ALTER TABLE `EquivalenciaDisciplina`
  ADD CONSTRAINT `EquivalenciaDisciplina_ibfk_1` FOREIGN KEY (`FK_CodDisciplina`) REFERENCES `Disciplina` (`PK_Codigo`) ON DELETE CASCADE ON UPDATE CASCADE,
  ADD CONSTRAINT `EquivalenciaDisciplina_ibfk_2` FOREIGN KEY (`FK_EquivaleA`) REFERENCES `Disciplina` (`PK_Codigo`) ON DELETE CASCADE ON UPDATE CASCADE;

--
-- Restrições para a tabela `Historico`
--
ALTER TABLE `Historico`
  ADD CONSTRAINT `Historico_ibfk_1` FOREIGN KEY (`FK_CodAluno`) REFERENCES `Aluno` (`PK_Matricula`) ON DELETE CASCADE ON UPDATE CASCADE,
  ADD CONSTRAINT `Historico_ibfk_2` FOREIGN KEY (`FK_CodDisciplina`) REFERENCES `Disciplina` (`PK_Codigo`) ON DELETE CASCADE ON UPDATE CASCADE;

--
-- Restrições para a tabela `PreRequisito`
--
ALTER TABLE `PreRequisito`
  ADD CONSTRAINT `PreRequisito_ibfk_1` FOREIGN KEY (`FK_CodDisciplina`) REFERENCES `Disciplina` (`PK_Codigo`) ON DELETE CASCADE ON UPDATE CASCADE,
  ADD CONSTRAINT `PreRequisito_ibfk_2` FOREIGN KEY (`FK_DependeDe`) REFERENCES `Disciplina` (`PK_Codigo`) ON DELETE CASCADE ON UPDATE CASCADE;

--
-- Restrições para a tabela `Turma`
--
ALTER TABLE `Turma`
  ADD CONSTRAINT `Turma_ibfk_1` FOREIGN KEY (`FK_CodDisciplina`) REFERENCES `Disciplina` (`PK_Codigo`) ON DELETE CASCADE ON UPDATE CASCADE,
  ADD CONSTRAINT `Turma_ibfk_2` FOREIGN KEY (`FK_CodProfessor`) REFERENCES `Professor` (`PK_Codigo`) ON DELETE CASCADE ON UPDATE CASCADE;

--
-- Restrições para a tabela `TurmaHorario`
--
ALTER TABLE `TurmaHorario`
  ADD CONSTRAINT `TurmaHorario_ibfk_1` FOREIGN KEY (`FK_CodTurma`) REFERENCES `Turma` (`PK_Codigo`) ON DELETE CASCADE ON UPDATE CASCADE;
